Customer Name,Customer Number,Customer Email,Driver Name
Cohen Harris,9451492369,harrisbrothersfl@gmail.com,Jet Uy
Cohen Harris,9451492369,harrisbrothersfl@gmail.com,TestDriver
Jet Uy,9451492369,jetuy@gmail.com,
Agnes Jamaera Mendoza,09451112222,jam@jam.com,
debra airlines,09451492369,debra@gmail.com,
Adir Noriega,09451492369,adir.noriega@gmail.com,
Peter Paul,09451492369,peter@paul.com,
Cohen,9451492369,coco@gmail.com,
Cohen,094,coco@gmil.com,
Mattias Mut,01819821105,sajidkhan.tech99@gmail.com,
